,Feature,Importance
1,a_eq_star_scaling,0.5330350417597327
2,lumen_radius_scaling,0.28038023851071964
0,beta,0.1865847197295477
