,Feature,Importance
1,a_eq_star_scaling,0.4798850447039364
2,lumen_radius_scaling,0.42080529669874595
0,beta,0.09930965859731758
