,Feature,Importance
1,a_eq_star_scaling,0.518142949443759
2,lumen_radius_scaling,0.31892589656088294
0,beta,0.16293115399535799
