,Feature,Importance
2,lumen_radius_scaling,0.7532404818007662
1,a_eq_star_scaling,0.12929569882323946
0,beta,0.11746381937599441
