,Feature,Importance
1,a_eq_star_scaling,0.4779696200461651
2,lumen_radius_scaling,0.32584847861120725
0,beta,0.19618190134262778
