,Feature,Importance
1,a_eq_star_scaling,0.604953136041423
2,lumen_radius_scaling,0.23389698636576148
0,beta,0.1611498775928156
