,Feature,Importance
1,a_eq_star_scaling,0.47015697623848723
2,lumen_radius_scaling,0.45426285028478497
0,beta,0.0755801734767278
