,Feature,Importance
1,a_eq_star_scaling,0.5255105632106926
2,lumen_radius_scaling,0.281330518248082
0,beta,0.19315891854122547
