,Feature,Importance
1,a_eq_star_scaling,0.49768349166194764
2,lumen_radius_scaling,0.34105307094481085
0,beta,0.16126343739324156
